merchant_category,total_amount_usd,total_transactions,successful_transactions,success_rate_pct
gambling,18704.424001128813,13,0,0.0
adult_content,8590.783999966725,15,14,93.33
gaming,6097.8264773853925,15,11,73.33
travel,3242.842572534336,17,14,82.35
crypto_exchange,2374.4760671956083,14,13,92.86
retail,2254.4582211712323,16,15,93.75
charity,1722.9517207012636,15,15,100.0
food_delivery,921.4982516139326,15,2,13.33
subscription,326.8836386336793,30,29,96.67
